,PigType,DETECTED,dist_boar,dist_pig,borderMI,borderNY,borderQC
0,domesticated,1,32414.253240693623,3913.428693489707,137599.28910775812,137511.49256903317,393901.031211529
1,wild boar,1,4591.880098923933,2830.771925755175,670840.189645471,63872.31663597495,0.0
2,domesticated,1,21199.16895648855,1027.6363145963805,382964.9999394308,130488.03601003527,191139.4039463838
3,domesticated - pot bellied,1,18036.08663688344,382.9951688899903,302976.53197285155,74748.29865362069,258488.0799397078
4,domesticated - pot bellied,1,21560.98047377194,2180.0813100928094,225000.34223424344,164219.4882443025,254883.75895623153
5,unknown,1,65471.543325433166,6199.75835711619,403943.2410795891,187916.82489588944,127435.19793356341
6,unknown,1,59945.733548571065,540.946697520817,397788.4223665047,192981.1400846677,132833.05086346105
7,unknown,1,24696.125168201805,1243.9772044783194,162276.81617902932,195017.54173695558,311977.0706343616
8,unknown,1,6300.47282121365,4550.042073908986,511242.0448418252,171909.81980622542,22889.867685498444
9,domesticated,1,33823.477185944976,1906.3738091594082,142956.59587602734,133593.19089324228,383882.6081817615
10,unknown,1,29594.787587416162,1109.2039247401551,154285.90385268917,122539.76715420984,376470.74180593085
11,domesticated - pot bellied,1,72311.58551362838,9325.089041072752,340812.8132940951,242491.504700969,133366.38332558036
12,unknown,1,23542.706122735424,566.9347905909622,286203.06226194394,163125.50518482956,203058.51120752556
13,domesticated - pot bellied,1,29200.9987381921,2707.3055759271424,400545.83230744384,285615.95661732316,73492.19570528124
14,unknown,1,10840.899533918646,1241.8645809445297,200678.80462756028,168131.0266140217,277531.4347283741
15,domesticated - pot bellied,1,46377.542133111594,4229.292491121692,621477.3615319472,9182.587187673877,53105.5410543507
16,unknown,1,14587.131799329401,5550.700575773438,319263.1515127862,104712.29836489161,230527.31972177207
17,unknown,1,19272.50553750271,1121.798243132366,304188.83366804325,75060.52214745508,257706.0547870603
18,unknown,1,4636.142262619731,3976.8868472023582,305442.04899489216,122164.52730941531,222065.92275869224
19,unknown,1,24281.93784266539,7356.006541649876,0.0,333494.65810080897,564228.3157377964
20,unknown,1,14711.580441676178,1726.4014643114617,174418.50124143803,105969.81428700466,355180.0233986404
21,unknown,1,54470.00358973898,8125.445290823661,330842.1953889047,224314.9602740935,145173.88990880857
22,unknown,1,16600.448651899955,2817.7993749125053,279132.47328586597,159879.50430711443,209807.8395946584
23,domesticated,1,7949.559253110847,1888.7837570209358,181558.66360128153,174573.5224675636,295314.450570967
24,domesticated,1,3663.5880368690196,1566.4289048712465,203033.48890133607,211958.7249044099,271676.5416668359
25,domesticated - pot bellied,1,13918.933368966453,3784.0814260371485,316882.04423017247,100645.06329429345,234319.07176507378
26,wild boar,1,1640.643607041134,3274.644167946314,668750.1094998306,60432.18036891084,2090.2016483390958
27,domesticated,1,16248.052891645291,8250.311002166965,236068.99393789427,39952.44944339643,356503.12726081343
28,domesticated,1,24675.99325966393,6491.2591162141425,517747.31873586576,64909.46208151524,79262.21383727629
29,unknown,1,23133.491881993104,1664.1293954211073,646139.4867939492,15867.930487741623,33671.42832787636
30,unknown,1,16187.403260872316,6002.563832892727,343265.4101874527,145572.3760945056,193786.52928286057
31,unknown,1,7695.03334565043,1562.9977719009337,206956.88066897754,164800.61435140893,272220.6920596941
32,unknown,1,23177.79567302464,1389.0819529523703,435527.8562680994,81388.90688051793,159243.58721180548
33,unknown,1,23420.605381088426,1736.0427434895835,497580.38456459076,74387.15150357696,87483.37576336067
34,domesticated,1,48033.24288025476,3599.4803248553744,37640.12454400836,262941.0108367846,516098.6014722621
35,unknown,1,19183.906910770165,1577.8447084274826,325274.97529909783,115401.10491645015,220830.47632581173
36,domesticated,1,18895.591223362833,4426.086795486521,319379.08179720107,109128.95446402709,227789.99777781
37,domesticated - pot bellied,1,33380.595683846186,5645.70711361847,42665.28639611673,305207.7079845855,565993.1911282049
38,unknown,1,4234.7222770661665,2346.902332830549,673759.143490514,59361.14838015995,5905.841818520015
39,unknown,1,26838.1251412264,3941.8618848400956,247636.78798926185,33167.67081221159,374077.5024815586
40,domesticated,1,45839.285537926706,1810.6673343847383,376188.7648565983,271116.14658714185,97894.99935063734
41,unknown,1,41401.45436207546,2478.9514119030896,173724.15084940603,233875.5751081976,305382.90728102904
42,unknown,1,48661.14888550014,1111.7060615510254,153017.57789526676,221457.77738057735,322616.07073149574
43,domesticated,1,44284.407572102624,2247.706962801193,86920.85117229073,189833.10576156137,412645.1858188399
44,domesticated - pot bellied,1,29486.960386835504,2956.856851487535,226780.6039401197,134708.57409358927,265563.62031983765
45,domesticated,1,11695.098090449617,2113.8723467160835,212002.71672332453,147235.16672358892,273644.88346652995
46,domesticated,1,40473.908437881524,1453.100010345106,371613.2541565328,158307.75514481997,172056.72077586057
47,unknown,1,37232.39468761521,13171.772456474637,248452.16003722296,56416.8963478542,306184.15670209803
48,domesticated - pot bellied,1,55238.42046930048,10416.002137435635,525274.2447453014,110627.41407160387,33188.56681133325
49,domesticated,1,10661.481021645195,164.95398933118625,492586.3929577366,48914.775859250745,113318.49488597664
50,domesticated - pot bellied,1,25943.19727618991,2221.448466753549,457088.6125994313,67432.58407514749,138514.65680551634
51,unknown,1,49793.146418902004,2735.2620303832364,452319.45372730086,127015.49863326679,99967.63544711997
52,unknown,1,26420.72966169629,2762.6632277332155,365957.91920004913,173303.19343690074,166087.3406738922
53,domesticated - pot bellied,1,31195.58796332166,8411.861440599918,514198.58937048796,135152.51999853223,32583.417208826606
54,unknown,1,23723.92735781536,2410.578271154411,537217.996315513,40439.605096156556,85657.83518269745
55,domesticated,1,30465.77317208892,3773.6998161550982,364349.15339125425,158193.78175543048,175319.3147823121
56,unknown,1,48166.84345959639,4523.279601437571,510827.5903562447,92897.75672802396,61659.893683632654
57,unknown,1,19831.361941514046,454.9676354556022,237704.60239812455,110345.89939769485,270612.581321862
58,wild boar,1,239.00544424187777,7106.64911518158,339318.46681770775,155851.42658942653,184916.26742261267
59,domesticated - pot bellied,1,33733.92581506475,1150.2288136098016,152375.95942688079,196764.81196828713,321891.3998896634
60,domesticated,1,31177.391991518227,879.1328325937941,122129.63721242847,180697.55801133614,358972.66944280727
61,wild boar,1,6672.578739819721,4877.404606640761,163016.86731494413,112311.23775467092,402154.51158051123
62,domesticated,1,26616.69527768901,803.3011055067269,477485.39348971593,51900.88313590135,126642.05664534528
63,wild boar,1,9619.196656935643,3759.709874753151,551730.7526178621,29885.581129412643,77442.32478025458
64,domesticated,1,33858.46543309024,3008.0820729678408,88364.59321966712,190825.51646265498,448416.640891114
65,unknown,1,17214.49239736796,6050.461984196855,237342.7142358959,42637.79209646175,381025.9767165497
66,domesticated - pot bellied,1,55128.4094446775,2104.316240221634,124277.60012960684,158559.82822721128,441256.6062341735
67,unknown,1,74639.37633992366,23151.017196374596,249446.0945550179,283564.2897277169,247510.40147507333
68,unknown,1,8748.198071900873,2330.0849761955124,207413.9044222414,221036.96066567267,268584.6428468249
69,domesticated,1,3602.8973157893174,367.28225231734234,212982.05086012848,88914.97935087384,312447.9598805658
70,domesticated,1,13102.362509497843,4411.437151493983,174777.48745800642,99910.32779350717,383218.9799357593
71,unknown,1,22334.149217640035,2491.2583653434813,225640.70877774738,227399.7175231375,251272.36306778103
72,unknown,1,38649.24838411697,3155.7703193325883,157187.53570977706,211688.96869440272,317249.9865319558
73,unknown,1,33770.03857591967,1674.8602970626491,152051.94563320983,195904.23891961362,322284.507246844
74,unknown,1,1578.8045213250455,689.3864806656846,171649.87435050405,119402.51615583224,339250.9045792077
75,unknown,1,36718.310690111946,2504.627834212556,35656.054639614544,297292.0861331908,551314.6845910749
76,unknown,1,34040.91707773347,3272.2160264755207,138538.75522702717,139381.19222345622,422840.114845978
77,unknown,1,16633.33848059977,7326.993492855104,170336.12083692697,105067.89603676746,379153.5274718301
78,unknown,1,30230.17371249756,2060.4287101331392,152672.5085196102,124146.95101560756,377272.5085269938
79,unknown,1,25030.529265689227,6901.269623709955,223022.86857902887,63404.59483163542,328789.76813566405
80,unknown,1,7939.953252270196,8166.673419709988,282814.51508018246,64378.948233542505,276940.1799107779
81,unknown,1,6179.106619180004,399.9977226654134,283794.6139549678,77831.67172308832,266865.9548581887
82,unknown,1,7289.447204945293,3213.645215753163,320981.698607652,94951.41357441497,236342.76016137176
83,domesticated,1,11903.356177532287,4807.141529465211,334394.97236663755,112022.40072444557,218829.2233929217
84,unknown,1,27549.25898705564,3308.629744828183,290776.551516111,154057.99573533368,205069.01782063936
85,unknown,1,13859.518115363766,2174.627772747523,304705.22612946725,161071.4523379981,192584.94595232332
86,unknown,1,5698.226155956055,2452.9967618332957,322838.8152864003,174184.35950318674,174798.56704209538
87,unknown,1,35445.07408944576,2229.503499168688,388912.7439140006,150227.10922490558,165106.1872728234
88,unknown,1,20361.054287814433,2929.831053826594,441110.4808872928,78012.13675147928,153002.64080551037
89,unknown,1,66179.1332906433,8348.901244226414,417112.9008880536,163341.90618643895,122571.62923173759
90,unknown,1,71244.39323430507,4227.075911122173,446543.6801324905,152561.81674788706,96785.53905881036
91,unknown,1,66256.9184384051,14738.4072692056,354483.4245535615,256336.9478731146,119568.43306421945
92,unknown,1,60325.71665037085,7956.966475061212,361808.8997066553,259077.2160942485,112230.18419543948
93,unknown,1,27110.921039239456,1479.7885835772151,285325.4777112905,146169.5247379419,213278.94158476297
94,unknown,1,22300.43206288892,831.771816017488,153508.44136057116,140078.112764467,345622.9951642686
95,unknown,1,8120.054614784772,3825.5813031765965,653112.8036393495,43363.40212535799,19423.080882474314
96,unknown,1,52230.675149313356,27455.962224561194,477645.72970214614,212821.03925765672,50167.032696685535
97,unknown,1,75424.74223993854,7553.315274498655,416387.10350336594,172156.02881690153,119225.96269871846
98,unknown,1,67124.67278305448,11988.299045207183,413608.0459326356,166155.33022294557,125075.46119180664
99,unknown,1,62361.20502821377,2103.926097519153,400188.2913722896,192252.35944493845,130415.57674312765
100,unknown,1,21747.68323553407,138.33372111181413,249060.94356366826,28029.77701810315,366844.3811127359
101,domesticated,1,11533.379329398464,1656.2002860856562,219131.6986557703,80231.481513481,313714.5337421452
102,domesticated,1,32047.92338488402,6163.044097962592,361582.9583777817,152048.1913986401,180368.14914150586
103,unknown,1,46626.28705828712,3989.3560939396616,103399.47669181005,183103.48958228418,457768.7694724109
104,domesticated - pot bellied,1,13402.056758142244,3471.9420069115913,22100.81025111873,343925.4959129369,592549.8152427672
105,unknown,1,5330.658658290547,3972.635885260791,194204.9596610041,85249.97353110554,349947.5938153152
106,unknown,1,38145.53148534553,3157.537119364696,323258.5086346852,207745.99174489794,156314.92372000116
107,unknown,1,9320.419708205125,5041.766558385598,211034.05122267685,81428.17964123217,323281.60325827985
108,unknown,1,33127.78946352417,3341.6812364938482,289585.29624941695,139064.7933193686,215433.3009444471
109,unknown,1,22819.25979497877,3020.5623738119766,297725.8971465487,94135.35528820936,248179.90532523982
110,unknown,1,2687.298914074356,9167.01484639056,336900.5137252976,154889.45241413312,186295.6778875718
111,unknown,1,12894.07874778046,3232.7086277781045,191370.94264692755,116479.35312112527,314123.0642026118
112,unknown,1,10251.360738896967,6201.111950717477,295362.24537152145,76789.86602865277,261208.7640980315
113,domesticated,1,52966.501453891986,3202.9299763564572,109900.08116056847,175982.22954168433,453256.38294098235
114,unknown,1,83826.89856418861,3409.7739601939984,379025.47559860814,338139.86274919315,125149.3359736756
115,unknown,1,14315.869725976934,3509.49052609872,317045.4506786882,101457.41438803628,233720.50348029652
116,unknown,1,24727.745195668787,2838.2094793157294,276394.74311148166,93482.88779194791,256592.7992179351
117,unknown,1,18731.097830522922,4628.3510953027135,275036.06117917434,86142.78508659596,263297.7008542812
118,unknown,1,4025.3826261116733,4749.666566407891,675926.1577844439,58783.46840410724,6504.490639474938
119,domesticated,1,49277.63893651268,1710.5036275853088,118171.97210426556,157436.14242535658,422508.29805030173
120,domesticated,1,12295.602799654705,871.1360615760677,54132.24570640571,222684.3967838033,457947.7704727271
121,unknown,1,20576.863856376323,1881.9532949040058,53677.51749165823,235541.10239105966,488837.1232881868
122,unknown,1,7303.838623373245,3870.89138800307,268634.47260664764,152287.60346184135,221487.7829849192
123,unknown,1,2702.358635450807,3049.941348885176,229436.3010603282,45059.21847140693,369956.66487151
124,domesticated,1,16878.95167853957,631.3438704671383,344768.0557744268,113221.21717412914,214143.1706226053
125,unknown,1,30083.63856707589,4630.953537311144,419104.5080490668,91312.65493292989,188577.56941803134
126,domesticated,1,13762.39235350604,3177.6590021177944,22375.540970894654,344019.37581332866,592875.2650563188
127,unknown,1,8824.118883252417,2705.901869446187,351490.6287899132,103841.95455349774,218189.55241980852
128,wild boar,1,1862.5079685977955,3894.8452932132313,436953.4990642432,91649.02641118625,142274.149509929
129,domesticated - pot bellied,1,19524.947030766263,3697.587141430516,432319.31946195033,85992.90342244267,158214.1854533461
130,domesticated - pot bellied,1,34217.2905410206,1290.6774203791906,233016.90178301834,132869.64004878644,260883.5360354541
131,domesticated - pot bellied,1,42322.52668868614,3965.9057021280732,534296.3934941583,69618.64034299475,56109.475334519455
132,domesticated,1,3777.3743921282135,464.0435659325504,213012.48735056742,88759.13976976377,312566.5573618706
133,domesticated,1,36975.81481171921,920.424258588737,373419.5078537918,149363.57428916963,178597.43650099655
134,domesticated,1,3776.033184527972,463.21330598029107,213012.0911868202,88760.43993260562,312565.7442329309
135,domesticated,1,58176.08666514761,3303.8989588910936,88686.15782494408,215188.25359021698,386296.457334319
136,domesticated - pot bellied,1,21034.213507175242,2717.599106797156,185859.08966692135,201903.52271389888,288204.4841560623
137,domesticated - pot bellied,1,27035.191674899277,2061.1515390495388,258491.81761754645,92183.74161872886,267891.4123579802
138,unknown,1,9540.47123552831,4397.260594608868,275815.0411396103,72086.26621516704,274995.9503989759
139,unknown,1,78779.77038241691,13230.670066704488,390709.1713205083,239057.43282547276,103222.36036857739
140,domesticated,1,3626.3459053205515,388.47094421278257,212971.7716003896,88903.31256671155,312472.49143701006
141,unknown,1,24681.770287072355,8008.993684276502,256302.01860179313,85328.28000007552,274812.4958587925
142,domesticated - pot bellied,1,10608.169432684126,2497.3740464793364,221207.91075060557,53894.92590551103,366912.9909699206
143,unknown,1,22096.168105496617,258.06733808532863,183195.60969114624,203164.13935133372,290899.12592489406
144,unknown,1,9135.053657179682,1838.471089912691,413221.299616964,305624.0634113211,62938.832076527244
145,unknown,1,16929.24808540899,1022.2542786559285,427863.098663048,91915.93091603098,157980.63185969807
146,domesticated,1,28151.518993486658,4910.790556610966,608411.8073066924,45442.60270788278,21995.879431370733
147,domesticated - pot bellied,1,55139.972553010004,1784.7742798486713,617359.0327681204,2359.1497706994014,56819.553451372376
148,unknown,1,10597.667492736668,1116.2618907776737,522449.0673083214,174464.83823006245,10570.119806614888
149,unknown,1,21641.975420471368,2608.2513288053306,206055.18835858558,183536.86038789322,269082.2039480215
150,unknown,1,28545.496467044224,1973.6669033731787,67209.47857894227,207387.31273804486,440052.1465125356
151,domesticated,1,27184.239665400564,6115.355587111976,239867.8229870932,171113.3904878676,238894.57381741042
152,unknown,1,24049.048846006972,1908.985483685094,294297.4792809022,155736.07921440774,201896.41591500767
153,unknown,1,16357.285077982679,3154.9609523559434,563007.1994722721,41528.534859823776,55067.04681184064
154,unknown,1,23791.799347649747,1713.527015664101,281262.56760975055,177393.74846854206,200481.98277489145
155,domesticated - pot bellied,1,19790.13977643879,3437.4248294126137,243413.71664680546,106324.55312663864,268642.107174318
156,domesticated,1,14993.474425210814,7525.172213831326,173937.8992742756,101041.31289524442,380784.86777733016
157,unknown,1,31628.1352871298,6260.276863674824,420350.2959330824,93841.3765294813,172412.98539456568
158,unknown,1,993.0244802006756,1290.8250288476336,260345.14117646252,156211.07904648912,226210.42890897146
159,domesticated - pot bellied,1,28872.326876302872,6361.038538674277,244728.28952158577,116106.70371409623,260914.4728312813
160,unknown,1,1733.776846654581,1861.9942235049787,261195.95331856277,157062.8068556473,225133.4377988827
161,unknown,1,48004.00210938478,868.1416323215799,102267.13832035355,176810.11107992879,441901.5085265126
162,unknown,1,22083.57645674601,5806.966285875265,164275.35157768874,115364.66288623816,417313.0650258404
163,domesticated - pot bellied,1,19592.65705430422,2562.462613900664,251104.62264964025,25601.606151791177,364528.2606913656
164,wild boar,1,34269.6219080531,3560.6928794296437,265858.4211187756,98018.59812279588,258679.97843955876
165,unknown,1,4929.763376494022,1872.235121469136,265518.68243422767,151676.2918473892,224198.75266978188
166,unknown,1,35313.67569983792,10874.558440366585,261962.99991064874,45971.2121097651,305215.0119695379
167,domesticated,1,27162.943826235423,3208.9332750416243,277577.69773663743,135877.7724048961,224633.39202626585
168,domesticated - pot bellied,1,33998.179288306696,334.8385609503555,56278.958628708424,240547.2159176272,501329.336632491
169,unknown,1,46697.432164302634,1702.7317958397855,232175.23825118775,256437.46249452076,253525.39491368466
170,domesticated,1,72076.0985022622,1825.927214444762,372460.88996752707,241727.26710556826,108113.24060416938
171,domesticated,1,9648.11205543626,2424.9776179447235,203258.74903223506,93533.33916459374,320454.2191460586
172,unknown,1,35997.073241633254,13392.66229621277,235478.275907465,54654.577119769885,322128.299870969
173,domesticated,1,10830.415883524207,438.1614980214887,67702.4442405361,214000.9185062918,463223.87241155916
174,unknown,1,43245.396875106235,1775.9771589233605,551108.1786403655,70280.82129133666,41805.50499347068
175,unknown,1,2318.722126075772,4996.87622379277,654216.5636531843,33991.76758759088,28383.427945641517
176,domesticated - pot bellied,1,24646.25033415167,7345.334563312423,0.0,348091.8579290251,578613.6004870168
177,unknown,1,19594.1335039004,3967.1795039139965,701552.754943427,46405.00325015691,1319.5865414084553
178,unknown,1,19714.913390958387,3957.1336995702604,288193.4341276111,105215.77336676457,241916.57266138113
179,unknown,1,20376.245295819164,3587.144750681497,287565.6727625007,104846.15763659673,242463.38543015523
180,domesticated,1,17285.04702330978,2397.1299324932334,292611.3275326454,103809.18478684142,241566.72592912894
181,unknown,1,64076.48164005718,2543.0209677856815,574156.3397016709,83340.22095588219,16521.873722637432
182,unknown,1,9591.859169599187,6991.029759091155,169952.4625524876,104655.9439738415,386011.67590218596
183,domesticated - pot bellied,1,24098.791418891182,3860.855514929143,66695.72947721914,224704.04191072832,486413.85801221133
184,domesticated,1,15390.192440502049,919.0120641019319,496450.00307798554,173802.75117327552,37031.23011108972
185,domesticated,1,19545.348118335132,3532.552348409355,181949.91134934526,93759.85524138324,373283.86213251046
186,domesticated,1,23124.616034006634,2416.3936447087035,412343.153091198,104471.32597365837,171329.18274427688
187,domesticated - pot bellied,1,21118.34075800968,608.7292294559727,428337.5000170777,81949.45390019588,184797.89333699233
188,domesticated,1,22656.889328801655,2368.0351909866386,69724.68336713522,206144.77175140736,446872.6825320641
189,domesticated - pot bellied,1,41499.07394892323,1879.1978239061132,70071.27324916466,205243.04563032434,427514.232046466
190,wild boar,1,79729.46194249866,28115.92547218556,258444.60938869123,286210.54045934783,238863.38340505728
191,wild boar,1,70517.00324181386,19006.649086776873,249313.52587020665,278582.6718460471,244901.4681990869
192,unknown,1,67568.14916377739,17847.865940562067,239198.36548516178,278332.23839325685,256009.83431469533
193,domesticated,1,18407.590745596397,2976.083955147905,446338.8451276824,75940.52314760465,146191.03157344589
194,domesticated - pot bellied,1,100810.75532078973,4538.308855678731,307410.2295831627,373509.3888230429,255307.87142170224
195,unknown,1,28345.239626662773,5785.8733219835385,225388.27825321053,60016.61780598125,329919.8623533307
196,unknown,1,33142.38597003176,1343.321739169507,484851.63995500375,34765.245673065474,136669.67382085865
197,wild boar,1,935.9261539677133,1127.8456492648231,262693.0686370234,157283.09834153618,223811.53840677466
198,unknown,1,18585.922695005826,2660.3499919014935,206333.2723752522,139291.81277712755,282989.7170397661
199,domesticated,1,18032.331824192952,742.7867400704387,640188.8028557716,28398.662089046193,36648.32018139892
200,wild boar,1,1201.395857879148,2052.030261593298,261535.38667693836,157664.88348035372,224589.12868659562
201,domesticated,1,29763.413619577488,2717.4018361256626,259383.85647068248,99499.36636729204,261679.47641287636
202,unknown,1,43074.80604530031,3576.197965516818,18026.692446241876,256468.77143757817,466390.92948600015
203,domesticated,1,43170.11757454853,3522.7153823498306,526747.0244846175,122762.29321905377,23736.268859017237
204,domesticated - pot bellied,1,23108.08476477873,6031.611127312185,222219.37532796827,65613.55514202362,326912.86896981794
205,domesticated - pot bellied,1,13867.033373684326,4220.054943367883,240976.83623465142,33520.572925323766,362865.0530080822
206,domesticated,1,24192.686022377296,154.679272298145,150017.99556582668,133694.33630097462,360112.8372829134
207,domesticated - pot bellied,1,69455.75075001609,3102.8574433923013,441865.440856373,177132.57235127955,90454.07153669847
208,unknown,1,13695.011025416266,5527.274252175331,330246.41538779,142494.33654942623,198394.01320844638
209,unknown,1,56295.7192924598,7205.763478488617,532558.6270424938,109718.75273947742,27030.880961635594
210,domesticated - pot bellied,1,5831.170420101991,813.0373570008372,209037.598848133,90978.43299153667,315373.9182794503
211,unknown,1,2571.9228117097705,3121.0316276604303,210592.124360073,93602.00686826887,310802.49425430957
212,unknown,1,16608.364039444874,3506.66177639535,271054.1343912429,142596.24414436612,224932.7450602967
213,domesticated - pot bellied,1,58600.57974716194,2433.8691866703116,396172.85079068906,194579.53311038818,134217.09019997154
214,unknown,1,63662.52208344723,11526.574158524303,520741.2072562475,99132.37919516732,46037.84828066566
215,unknown,1,18811.137695140602,3536.877715031569,222748.1485386092,112114.9812537617,283023.3555683015
216,unknown,1,48579.26459130596,1332.0819477721502,21691.6507624475,270735.5896915185,511508.1392948404
217,unknown,1,21038.51442069757,3055.68996324166,181118.30458252333,94811.53965792384,372331.72229805245
218,domesticated,1,14768.30783514391,1094.7689703629917,45839.248041189545,231146.1211624201,462497.83746458974
219,unknown,1,11092.52485679019,8313.062975504112,224118.07617771032,84383.79768363212,303796.86820374714
220,domesticated - pot bellied,1,6651.814815216017,1797.2393851307859,233694.6637692146,40800.80185244076,367398.91611374135
221,unknown,1,9735.42486032467,5035.505226136255,241442.3362660682,89683.44858129178,282753.6446829338
222,domesticated - pot bellied,1,4916.997721530054,2152.351063523304,317770.34979927825,123564.78574896023,217577.2213962358
223,domesticated,1,32292.573721085813,9367.039518360287,24945.90390353449,302829.22760013724,549253.0182448658
224,unknown,1,17204.76873716824,11291.016357788516,218405.74862132262,59661.33437267169,346739.40669255663
225,unknown,1,11849.888065929179,2421.0120547358542,195201.5131951478,80888.35839559624,367148.0754908228
226,unknown,1,20516.32976324207,7204.9628421554135,507810.5583409821,67759.9959077818,83780.71506046513
227,domesticated,1,56020.10204667723,1284.7341506825192,96322.55067280996,211712.44579922123,378571.20220956975
228,unknown,1,22938.52408246214,1551.3433577465032,435684.94934502034,312738.04906164197,39694.30516427397
229,unknown,1,7052.013250609562,7012.5934054430445,169236.78582206622,105272.99040973173,388563.9094991164
230,unknown,1,9809.610348069871,2006.9022281796106,252859.6715934492,21635.60874789688,355020.6087802676
231,unknown,1,1319.5601803923826,1556.7622140633337,328203.2423743582,101267.5259644609,229019.2941876666
232,domesticated,1,20032.713280143824,2537.1452100830406,535131.1976742999,163477.06123894037,3644.2192014459747
233,wild boar,1,65080.09024541046,12767.53475115257,356139.62307642755,256495.44011187452,117898.15955691601
234,wild boar,1,3901.6470479856953,5600.046865541999,231993.3143874288,97178.88743818027,285226.2455681589
235,wild boar,1,21377.518772040166,1708.2678640314516,708940.1556181527,59591.91859920342,0.0
236,wild boar,1,13775.445342564617,10639.290002281887,514791.5308378967,192120.4936711373,13684.516743416665
237,wild boar,1,6758.990488390133,6666.79846085387,170077.53028315204,105293.9587711454,399752.333777972
238,domesticated - pot bellied,1,24688.461480493504,2367.9103539640932,466182.6071129142,50683.64440198546,145375.93283313533
239,domesticated - pot bellied,1,22289.84041632393,1937.8843825246108,384802.9350614509,132487.998588949,188074.53950240678
240,unknown,1,1455.4025073839937,247.08077686848668,262503.2047139401,156345.61422507296,224387.38955571997
241,unknown,1,37084.93722968075,261.01343836848366,141214.18173271994,186068.3900027576,335089.76722877735
242,domesticated,1,21897.78915404468,196.9658206401672,289805.9810226279,99333.1140732413,246314.75274238532
243,domesticated - pot bellied,1,9098.922662290364,1103.4068149894442,194935.6722180632,97403.04337514342,328283.9970940521
244,domesticated - pot bellied,1,7609.719203967472,1834.7971131748604,198945.1834079291,77320.93300445475,362966.8146777643
245,domesticated - pot bellied,1,5714.509033636329,9335.188213417634,333990.06549518934,151786.27830556693,189624.95789247396
246,wild boar,1,1136.1136605258714,1288.3966637410954,518429.13051918783,21448.42661721476,119245.63633828584
247,domesticated,1,14878.421775619548,7219.340698045198,234975.6769787081,44820.98391818536,382559.45380002895
248,unknown,1,1803.8258064427187,1803.953605214625,646260.3138533452,51911.10189105275,12984.49754481699
249,unknown,1,37884.89404965007,564.2201587470635,117190.00659719523,188695.88839965552,361392.3005761289
250,domesticated - pot bellied,1,26107.73272136853,447.62253597300025,174693.1299713101,135798.12438830294,319998.722780741
251,domesticated,1,20365.260359875065,3279.3540369861225,287441.7865625508,105133.45434716293,242273.4832776757
252,domesticated,1,24256.113667817826,219.40980932440297,150073.49903831483,133629.77602892122,360098.75490429543
253,domesticated - pot bellied,1,37050.09128627725,2006.284283916756,94067.75057113003,190255.99215170552,457007.20803614694
254,domesticated,1,14918.111798197857,3475.192766276912,508802.7273045729,36704.09601982795,111584.6954044712
255,wild boar,1,1300.6284257670147,907.9665662503155,259586.45218468353,154060.3611137458,227804.3412585814
256,domesticated - pot bellied,1,21756.638896912762,646.4244263799137,212498.02978177668,136152.72765255842,278443.4190596547
257,wild boar,1,410.4695373729928,3320.184264156279,656004.106523374,35177.92952792186,26910.930293197514
258,domesticated - pot bellied,1,21906.30108543424,2639.3832594062433,206289.52246989976,136090.77603172432,284689.46489718073
259,wild boar,1,167.85323149026797,1456.5010068963154,262847.3367069943,158293.1021521678,223237.91542937222
260,domesticated,1,55563.6949714511,1624.5346755929372,379073.4173244784,258734.71277510544,96735.71928931352
261,domesticated - pot bellied,1,45735.063478579985,5534.445479912892,102308.95604612581,184558.5119376878,459242.70639319957
262,domesticated - pot bellied,1,18194.209076049134,2914.4519057252232,277629.5007969885,171945.37471517816,205532.39298251594
263,,0,20331.46199248917,1545.7653501838636,154168.63327218778,130488.55626355423,356468.2186290956
264,,0,11544.081924091084,1475.2581488833994,337731.6516005511,111206.65515302865,218335.52360774865
265,,0,52332.886041827944,521.0569842477,369941.0966880787,265462.1517263448,104098.09720434537
266,,0,93901.974476075,53859.67711322695,431250.665647832,232293.12920749688,75551.81202025652
267,,0,39691.47376472472,2166.4123790074927,552114.6720756833,148050.32369815747,0.0
268,,0,72187.55605660978,2545.3776776764,103793.5187462956,224203.07309368305,370475.6705995486
269,,0,4280.401589167683,453.31148401105935,184840.26617513373,113908.18295890072,325064.09691854543
270,,0,38289.455981993226,5295.895720433624,424434.8058753269,133553.54110225846,128665.62568739268
271,,0,52915.53773513798,7462.339005893833,366565.97568000434,268688.1595912824,107834.78696460142
272,,0,18074.96364809653,4832.192131072862,364258.9509896961,130999.60312309915,194149.53270430447
273,,0,19856.718251443992,15505.358843930153,507409.7127659138,191391.84130975255,20893.46277630006
274,,0,62385.77286605318,42384.24678659933,476098.1429769204,228402.74663074542,42464.30083439571
275,,0,29041.333399492414,1735.5611372242029,390382.3645129583,125440.06860250351,186885.16587385212
276,,0,48640.65786783028,14109.533599369193,406065.7827441765,154369.94335657125,140745.4570710072
277,,0,7199.819153122157,3230.1203788298358,361212.8968355826,107461.441842982,213902.87162244078
278,,0,26229.844997979417,9151.525532581472,394888.1537088244,306665.60736542096,84452.89181938514
279,,0,11142.29892557221,6325.466773072651,56878.60805255493,228423.8487811434,478951.7429990878
280,,0,54071.14708876048,5438.127830717629,159990.1066746954,235819.02685485096,319365.0186310175
281,,0,47593.71895850748,2703.3955741965165,47559.41441827036,231120.2594760213,434554.26977252425
282,,0,15804.986776153408,2303.115623489089,330240.6772315631,186322.64729837253,163132.0223466045
283,,0,66761.70804918068,8057.77771357799,348527.4747103369,238559.7500683113,126881.808658988
284,,0,12088.69043577922,2777.2603734007453,667783.6201857431,35190.43158042769,27767.498440106316
285,,0,21554.83656140664,3438.550307153057,548666.1490944641,49538.87902722551,63030.97460868813
286,,0,101140.72875302851,31974.87263252473,348885.4337326472,319653.5922840334,150865.36108461733
287,,0,29601.722929721793,1863.6974277596569,395142.1931248331,284724.29339032545,78992.23614597085
288,,0,28352.029032236005,5667.599188341437,272270.77185407624,95221.59497824761,257252.0517563865
289,,0,54825.44528810393,11724.600299618758,406000.4562578271,269358.73940901045,75104.72324242943
290,,0,7823.434934324587,575.4952679122663,124178.57766929155,164051.3557635354,368766.9502446645
291,,0,44003.497969336095,6444.678727479513,472348.46091355436,156067.06978566392,70041.00984237833
292,,0,20600.767686989544,4897.109529038507,266091.36482455704,77978.68544356218,274710.4681472135
293,,0,42467.484826823515,3556.8405739287314,375922.0890928945,279178.86641907186,99315.88408848138
294,,0,75136.8281509601,42698.94423538914,430959.18813955516,251558.32182757213,64607.972997862664
295,,0,31679.537681616446,3826.4185258197417,417563.25180182373,96763.56416602072,173587.82050125703
296,,0,4302.60484053241,2323.1339021701915,204736.83857192833,215865.82961030139,270448.3386489211
297,,0,62986.38878905002,17942.127677378994,405910.2540162521,166481.11455424328,133718.14308104396
298,,0,40847.18018740536,1262.6517716215349,103989.87892262862,196598.32362418872,374202.22525137436
299,,0,63546.56522156591,1273.8678628551477,111013.49914634057,213534.8946712117,363053.7560516488
300,,0,43479.237131445116,4547.092838454576,236751.63485968157,249972.98477578597,246316.28680506945
301,,0,27428.83449355927,4940.788591292287,309517.1826660007,145087.260553905,201822.3771556425
302,,0,11483.446232316626,11732.041577763981,287991.4547336667,62037.48771905175,275129.17450173246
303,,0,71171.12534190592,3064.884381087927,445506.72905285284,155113.377681906,96459.03373910936
304,,0,55521.47329817096,592.9345941652041,115303.51779444561,162596.83826395174,432751.71387801267
305,,0,31597.8404385435,4974.710494816846,291057.7637214976,145188.103601988,210496.37523103371
306,,0,53961.10584999292,2724.291105253285,572010.4045743599,71558.13667157352,24112.972930363798
307,,0,3853.405713152556,6911.208339772838,654900.738262888,60502.501789877395,2552.8587937483244
308,,0,10180.558091975357,2840.601096388338,511980.7302210248,17987.74324206002,127990.02391099372
309,,0,39039.01438829277,2231.920736096692,544720.0035738992,137782.7145749701,2386.0387999410723
310,,0,20853.852136490957,2315.0103629163696,313052.8738020848,79765.80391242717,250407.9081321004
311,,0,135586.5392171252,29417.845162959253,315382.9166669718,350374.43760756135,221649.86724783815
312,,0,47763.85389729436,1076.091073136602,58505.206197177824,247978.571070118,514619.25264392234
313,,0,38853.23010779277,4552.233187125128,540516.0839230544,133293.50570538102,5616.302675810726
314,,0,67136.40941717305,3974.4348060087004,564243.6311008007,88079.1256182027,15215.645692906637
315,,0,27057.976421056414,1331.3973243859277,43768.19245606695,246308.7568950749,495203.72113193205
316,,0,39729.558665196964,2921.960885801573,545540.7278610911,137631.56747062708,1598.0361636230487
317,,0,5426.059229363272,2601.513376122767,556171.8399538753,32842.69406659782,69892.49571435989
318,,0,42887.04826489877,3066.5287366555035,98075.52836024684,182239.52044002854,446863.66949028487
319,,0,33295.51155389358,6207.9316727544965,254815.63109107822,59816.23544689453,297816.84490623465
320,,0,24085.154205613377,6569.026108472784,433169.61510519206,308192.03224308905,41276.10266011999
321,,0,58911.81732983688,3977.331022809814,121826.27282495641,204140.1249071657,352584.43643519754
322,,0,66931.06503788648,3218.9078772117746,376056.0594543353,232267.64529247943,112323.6472146555
323,,0,32712.136988880116,11078.897116004158,474561.2417436637,78736.65962956056,106884.41331318072
324,,0,24560.355179303835,1472.4280498940211,171042.3187627298,136738.73680258932,323916.85075328196
325,,0,87949.91035056514,43914.762640612345,421118.6052387,237645.28021121028,80966.42933158008
326,,0,46457.88473988388,4723.098348229017,466056.9388626007,186814.787646688,63523.7806342287
327,,0,23965.36851998846,2584.0238709817972,305314.9191255049,94577.40057477793,244476.5839090317
328,,0,81604.09333111622,23315.91506391976,339630.2436617788,278766.9743433764,140874.83181924772
329,,0,13438.873170553912,4418.563193785748,176852.23334270978,101744.52665838177,359038.5065016144
330,,0,57943.84337214366,20069.926545953047,395481.63448503363,166873.73105497792,145917.42236447605
331,,0,32942.51196541392,1725.416684566002,542183.0022399763,147163.54533529337,6264.110838301405
332,,0,25507.859826843975,2128.496738609658,102069.05102425588,179272.98350439587,392273.76752148516
333,,0,14942.198915448675,4337.515718742397,8078.6845301538715,338631.8013268461,574567.142035274
334,,0,47604.94271535276,1183.0384576415647,11250.460992407074,263340.91436940955,472127.42498828884
335,,0,41772.21300550678,607.7447846994418,58448.98120418297,217871.67288062378,431367.6797037026
336,,0,48200.32777667548,2714.488213602259,578675.9523693102,61344.40823215337,23240.713230414924
337,,0,36608.80354081885,1472.2408280150535,641160.8731364476,4703.060876065018,33503.42355583057
338,,0,58691.85067634529,9779.740899264634,414134.84475125273,158442.94025044315,128694.26307822956
339,,0,10322.441860466311,892.2527885764346,510268.4548768227,29129.837000234762,117921.98895676984
340,,0,14450.98941742073,3039.5671498280553,410929.0061904282,300683.15176425374,64080.01833810278
341,,0,38780.69923563371,15534.50140286649,457345.1748720857,111562.25723953692,101783.02727153151
342,,0,25599.765259039024,1486.8185651542883,398178.1214354089,288716.48355046957,76160.00146575796
343,,0,9019.856640839707,1776.632072430944,563757.0725233452,19240.844437291107,76592.40971085106
344,,0,9221.070623220567,7151.504768508998,240053.38325877278,87123.7227273189,285995.5363700066
345,,0,41198.526794554935,6861.844341459276,155371.6533058685,131806.63540268282,436769.3926478659
346,,0,56116.813975456855,4816.82788179735,586417.9880889115,85963.30374381397,3536.4908920819844
347,,0,27599.573344124263,5314.45525566097,257975.40507393584,75455.17304311866,281831.8009924698
348,,0,113118.9104279275,10531.965107897227,311471.7751711188,365570.9819600608,241466.76395843027
349,,0,11165.312657867808,4498.139225303906,212872.98217300768,80209.81417464795,322081.640282098
350,,0,13642.648791490976,2321.6773496316587,218878.52182200685,56467.47641129938,365395.92569092265
351,,0,84425.90197790114,50803.067683428686,458643.9945004517,253671.6715903965,40146.49075896329
352,,0,50347.98843231583,1574.4423104205534,137145.557034033,207285.22202934796,336890.55971114646
353,,0,6118.5290884354445,2873.079957229869,323245.27555453166,174273.43839619696,174554.34288656604
354,,0,19799.68965513406,7478.305961110451,434916.62378636585,78132.78580428605,167760.63778854153
355,,0,72498.42136141584,4152.883881459751,410939.55370730197,185782.9122436508,120465.17566339974
356,,0,24504.24478698595,933.243537389845,141826.66489082124,132771.64474041367,404097.03074957867
357,,0,16868.3066237364,4959.813185290159,324492.7298811165,162391.413846937,182980.22881216937
358,,0,9542.068107321158,1530.6924917087847,226704.1997578429,48493.57167266685,364816.1638901764
359,,0,46005.33303020573,6228.140104365166,469115.87745402456,193774.89397304066,59467.1317716771
360,,0,44498.853944200535,9898.000075268257,466799.1156503148,178934.56704233837,64855.1400014976
361,,0,66545.1339353274,5750.563918782787,379314.29401351186,248769.09554988478,100518.62501156454
362,,0,70562.25703963,7663.399390321677,428028.8189591395,160603.5182659844,111992.97546148908
363,,0,32342.71821198758,202.50577290998865,175347.7757297988,218208.05234874386,300163.4742577239
364,,0,47404.10077519532,2874.289432571407,32130.128849480287,245328.12947046073,447504.34637091256
365,,0,12072.83276628422,1288.0132292270748,319136.74854950333,162517.62275117604,184795.26785198963
366,,0,5405.337393892693,3523.872594288571,555367.2269372464,30790.49242345355,72654.84394595605
367,,0,51445.430933238276,13583.383450758649,388607.41440235515,170576.91705736791,152249.84615203756
368,,0,9823.202867394675,3727.0159668116494,297267.6983696312,111726.16111638698,233343.2487257459
369,,0,13852.605861797007,1984.7419490358,213501.90807035766,61118.99930950365,379452.007803133
370,,0,50956.08109825356,669.0415383487506,58825.89223687,250287.09927105063,517859.3734496128
371,,0,63241.17986748685,4547.631326553811,538139.5729826988,103116.89802553588,25310.713395488576
372,,0,15662.02824641491,7259.758286353728,234712.48208510206,78247.6601200184,298458.3998611522
373,,0,35066.13531450839,2317.4353971996716,366612.11942431156,190345.2281954724,149700.73866161166
374,,0,27044.397563978706,1841.9982571038042,550908.5478724885,166696.62272726643,891.3805642569515
375,,0,35573.079117562316,4864.895442804435,378274.60468967346,150617.13283083893,175883.55544600912
376,,0,16262.974512282339,4369.751748654672,216599.91150102057,226667.31839312697,260393.15267949254
377,,0,57943.22437767046,26014.505900534303,468608.21176330664,213640.48895248745,58041.61360178898
378,,0,62602.885324002236,31785.471295586616,454274.2009493568,277204.3180460934,31494.835586000645
379,,0,17173.017572011777,679.3382395776808,398442.18639134115,122795.3830083753,173135.33583705028
380,,0,15190.845709625173,2736.193586080028,324975.121562279,151657.83035288044,191818.57813832242
381,,0,9457.780540750546,3161.4764601748293,312165.8753645081,113194.54528723155,227892.20252698558
382,,0,51505.08200810662,1493.8058695009324,507137.8468251941,98426.79177877623,62274.70500453792
383,,0,23487.802115543695,5214.099684850396,488056.9543117909,168814.30772269203,48062.61723271005
384,,0,91251.68843021842,56612.67826801683,438111.0136776167,236388.0643631293,67232.93573517603
385,,0,75578.05052710172,1283.5097646355932,115552.82968003556,225733.43911460848,359351.90806124656
386,,0,13157.1058368421,3672.762293234274,626773.3241226493,63625.94747457239,4815.172223147838
387,,0,6002.3290556820575,7418.352657392856,333707.6174262145,153861.89537910014,187994.55759899376
388,,0,26993.753286666797,8514.126315978036,398571.4916463697,313395.09090372646,82355.57083867792
389,,0,142368.61893589093,41181.091820338224,346984.06946016575,352487.6582857071,181145.00722525798
390,,0,87834.97637763798,55111.9649944413,452749.1578188592,240569.72483694396,53389.9745278548
391,,0,4660.103887266683,1403.8362192862357,266575.22632480337,153546.58112784714,222456.14256687378
392,,0,72140.61852603543,21616.71007067541,243373.87585991598,282475.2263421525,253683.8215771175
393,,0,21981.772381068633,1641.606239224946,186346.79501935965,136429.7593373276,305816.39957696333
394,,0,2209.3793568770266,4880.998364508679,222868.0073567254,57283.883071060096,392502.4801345113
395,,0,31320.898070891657,3207.8479891181582,169893.67396100087,210072.58764348607,304547.7747929717
396,,0,9245.532995069108,6471.649290199817,552486.5205741723,35651.9009463973,70908.85170445722
397,,0,63053.94010437317,20593.717852821897,450211.8408500382,193604.61828051638,78490.37673239813
398,,0,26844.205574156986,10925.971441604739,343896.6831906898,184010.8860865384,159820.096637643
399,,0,24988.071253235496,3649.307056425398,436925.0713585723,79378.7774994229,159783.21492921675
400,,0,31825.18456761135,3691.9825190638703,469740.55965874705,62937.330890588884,125390.95741228315
401,,0,15017.65372682159,1282.4821309327406,486483.07250997756,55145.23866501177,113543.10462148131
402,,0,17097.186642051227,1145.681151549294,221853.22079985624,152548.11350888424,261962.54222816223
403,,0,24551.448142106212,6123.610280882383,489000.4697596014,75416.8262488681,94715.69466523603
404,,0,26195.608914040207,6864.107994844194,609417.5923682469,59471.92427854771,8646.09002068997
405,,0,28915.446872452518,4340.874308444308,528672.3359714422,52127.95081415432,82819.20683178885
406,,0,21549.176689736207,5779.198182159514,408362.88256926637,132305.80859371467,149387.97520962867
407,,0,10045.652685325227,1343.9182742547728,189383.8518765319,189447.1153362403,285079.21852067386
408,,0,48533.3062281974,5088.899875384684,510066.8917282893,93795.34672339007,61924.45636675563
409,,0,22319.10376458367,9152.597347299305,412154.00505490357,130466.91919783328,145470.9984801159
410,,0,29369.089621417053,2744.3367265961965,155476.1338734596,187581.7475035227,319750.9283197068
411,,0,35646.67892029191,14525.287015524696,296871.0509491732,189398.8005751882,183510.21475077904
412,,0,20285.220953156553,3945.415042629264,581053.3280746696,18925.796803695946,62693.9906093516
413,,0,33129.05791568131,2695.0324066049457,276171.1836541321,190936.0599111899,200732.15368308674
414,,0,64651.64697363801,13440.101539825815,386735.5668557496,220265.75945000935,120140.02190548502
415,,0,56028.71149550008,3618.235489214856,2751.6533333237444,277931.09775403986,490813.9668530249
416,,0,9261.004080044318,9412.843240525952,278604.9397342083,64836.278514889855,279619.4936027464
417,,0,20754.92948198405,6581.869015630787,482577.6894589727,66417.11889344102,107872.93454202102
418,,0,91206.65669287801,31363.78458767744,422975.54042619455,207228.37671193288,101032.59227731703
419,,0,17237.091204483833,5638.462690232573,216353.81027645583,71161.51702572637,328543.17250962876
420,,0,18199.598991609473,2741.4503789448227,317678.6280485245,139701.822978668,203859.6192895213
421,,0,58236.53815056659,17520.119184843734,397739.9121901415,177256.60574937268,138022.0635841854
422,,0,21315.9009640364,3466.4923879979465,225676.7903618872,114884.26332014365,278363.9282972805
423,,0,67966.89537081744,14568.591413306063,368010.0248497659,311910.5513068145,120425.06466222246
424,,0,11813.414071418945,3935.5474860356394,624057.9486787604,56936.59893322817,11351.931194980454
425,,0,22034.206043721802,4743.37382190938,498167.3434781412,25507.707998029284,131609.5859741846
426,,0,23699.749567240524,14653.036179319746,419353.96021739574,299748.1293755801,54682.00135114103
427,,0,10115.659600788793,2504.3811191834398,194311.38391609667,99585.82713642916,326648.2825991089
428,,0,75477.82358018453,4629.653990731519,414050.48441768455,184014.77397723697,117615.34672819906
429,,0,38718.897912755274,440.82169167230916,162525.78944045445,215066.76060659345,312353.2757433082
430,,0,23393.825559470886,1218.9878730400292,153226.01847801544,129206.95686117941,360686.96263650764
431,,0,29541.055736807673,5589.33174882896,277129.9103381603,113151.0507355712,240765.1709932973
432,,0,35616.08318196631,16872.500721934946,408614.5395521344,142622.33757397474,143685.716879552
433,,0,3699.9031437073704,2002.4825655910613,313929.62826440315,168954.63357092196,182606.02500186357
434,,0,69618.04365966334,14910.520293307538,386872.24581975356,248708.0783518468,96701.08853651966
435,,0,65186.11801855953,3913.3074428177483,364034.354997809,250346.23142749496,111138.60898040974
436,,0,54169.63034694616,3731.397676394355,131203.6243618534,154576.07890156968,444198.61521025636
437,,0,36018.03645118968,775.0732396880546,533844.6977224301,62208.996376108924,64239.403862578714
438,,0,43612.71155634123,6479.829351436769,354700.5798969871,211269.89162441794,135402.53353611156
439,,0,75446.04407191578,16920.459761830534,410949.73524176533,197834.4195617097,118104.79869443244
440,,0,9765.163898660208,422.51379645065646,179401.787936707,189880.74462745147,295077.2915050841
441,,0,21232.704882991333,822.0075975150855,108598.63391431987,178958.04463658962,379755.6054234826
442,,0,56668.55653838112,15583.351580667979,455286.8319840079,186480.7563612093,74396.0785885295
443,,0,40330.46188080898,1663.2895578858793,612505.3279972171,21313.043551618062,46009.26895720385
444,,0,10712.991780608829,494.8642046834652,276981.5563408899,77615.49133642507,269699.58986634517
445,,0,49687.88203777682,13822.700752090226,389063.47542981897,187667.6205418044,143941.28031018432
446,,0,64415.94252168698,11560.954493351572,391586.7700273789,254704.7439804998,90770.55067003041
447,,0,72147.62080322641,1104.7997949441506,439242.37482798647,176713.4648777179,93294.46122222269
448,,0,31183.292056133043,1742.1055385163907,203715.58497960016,122310.60204943384,295583.9946501503
449,,0,24082.29147628283,923.6111808259035,302001.37067781854,94953.30393405377,246281.8008378319
450,,0,21238.804787934536,1964.863036785418,690879.861543927,34642.22014951535,6184.482765076369
451,,0,107282.12588254848,25802.173677668492,365944.05629878945,343406.124162874,147607.74464183243
452,,0,65200.806008519576,5291.719751876313,545840.1961950003,102704.0294487567,17444.786816591033
453,,0,11541.206195344024,4023.705193207952,428012.4545027851,106607.95436111094,140996.94706146666
454,,0,2197.701673203354,3459.4783220122326,637405.1487288793,55729.96684316793,9818.487668913185
455,,0,10577.742227092653,5892.241862486865,186263.60790554585,103950.17965492507,334118.73086183565
456,,0,72905.20898699862,38960.61787503466,458978.6449293715,225455.61419698966,59108.77654232372
457,,0,5568.574849550258,2998.254784244505,257326.53591532935,17276.333550372186,350746.31939151546
458,,0,27238.339007642775,2076.0956712584634,175342.14303139574,106515.54428047253,418219.7052734796
459,,0,21871.31299967741,3669.013574945246,46900.06558675639,241302.88151410053,490293.13735451567
460,,0,16657.169758453005,898.1424578076787,431835.3061211832,317884.5061675741,44946.8426942566
461,,0,36544.12326317258,3986.770479044111,168504.9915664137,118270.4295963244,430650.19737932936
462,,0,28072.53627232331,691.8739107447798,212439.86775330134,185299.04489827566,262525.34675879497
463,,0,17079.000918746795,8726.009069880152,220370.97660438265,55815.49027748082,357487.2957139154
464,,0,6322.023501843523,1046.891128381229,179295.55439964044,184951.7526289835,295737.066096456
465,,0,53911.894063861124,721.4247252872773,77662.95402605354,211075.26154107432,401492.47896648233
466,,0,4806.285987086063,3869.465759083076,192862.751730051,89767.99574180364,343311.35156653944
467,,0,89797.720362153,37454.10162266782,340776.9827703485,295487.5706473931,145981.27177930297
468,,0,83611.61074481421,45389.85351355319,425162.3492409036,242146.5251172332,74749.10258301404
469,,0,31683.34555976,3447.9620453678344,259605.17645191523,53879.62924149637,299828.1806852177
470,,0,32048.608856475978,1763.088803288576,265451.0294575897,123785.18065935736,240435.45824946536
471,,0,37551.82712123139,3138.740100578663,123816.98748744116,151116.55458693267,401462.554940623
472,,0,40692.21539487122,12702.206268725073,363357.4021764267,196701.01559833984,145255.50155465168
473,,0,34793.15240787948,2841.300765984665,252466.03978303805,120785.46147555472,251780.89097213384
474,,0,36271.81317306303,4145.791904463743,378265.61013781925,151125.41382687422,175611.37643152438
475,,0,25472.360453016678,1039.5995048035982,187205.7868703194,226451.32871490452,290042.8380612376
476,,0,24090.14957299378,4552.771626024408,146655.09645044248,129994.84870327513,415018.5654650206
477,,0,35422.50352033412,9209.347738661301,270490.96198764,101944.7454137585,252942.43449460558
478,,0,25723.49017271219,951.8551297186494,388628.9834407943,131448.86047421576,181323.179105752
479,,0,29698.165951909898,4272.474890225641,359834.49154074054,135760.20396375007,192833.496683952
480,,0,73536.15048294447,53009.816788207165,471112.94944856485,240472.3418542689,40586.04736241605
481,,0,40417.1755448595,13326.584811149485,478421.2109999578,197357.54932606526,49878.33240886687
482,,0,17268.740589770805,444.93842453230275,196940.33745536068,225200.98554103053,280006.10251141584
483,,0,27839.24835622608,1198.462967879809,99640.96587327054,183771.0799959971,390663.4012780579
484,,0,84795.89603843994,55488.89109801054,442129.80154941726,244507.6528541212,58746.40671038885
485,,0,61400.41819976668,40032.24344796416,445827.9249897888,272318.05691382114,41037.39708822474
486,,0,18649.229361934093,3157.7730111840788,449641.26723736484,98483.4145794926,119036.44179325753
487,,0,17550.936451960406,4257.7033668113545,341629.2171938584,143212.78946520737,196153.60393914543
488,,0,7097.566049317447,2476.3719663374186,506445.35715159826,44967.35047428456,105374.81581228225
489,,0,1955.9672635113811,3087.09036016076,182973.60773667725,91951.45043999056,392057.7142812047
490,,0,53107.281894302476,4129.319106497677,464426.7914973746,153042.09113232265,79102.35714397437
491,,0,30462.648245500568,1802.3391444124384,281392.36609282927,135660.34462330537,222421.05379209892
492,,0,18492.620387404255,4568.856226831636,414558.78400238336,125966.56300123775,145078.01270601153
493,,0,39175.92680764825,3096.6952615312416,95488.76347464268,191162.08430569005,462171.7150174131
494,,0,17426.1012702722,3555.7631976830553,322343.9852663127,76746.87069936143,247720.5012605768
495,,0,48267.19105508289,8270.15822746742,384512.6775660275,314760.4551445989,100621.7527664387
496,,0,13124.811856499218,6148.378200667741,54578.95837185665,231252.49354478373,481460.29693138204
497,,0,53768.318690181746,3371.50586987019,512390.60718435067,96467.28655737199,57228.60417840593
498,,0,17654.71553276518,2993.6333946650225,638841.4120241484,32691.556545948977,32563.4919096214
499,,0,35192.55014992257,1145.270347172645,389607.69817830465,279336.589703262,84445.02141548684
500,,0,60927.05846149446,17054.029038034594,406776.890526649,265647.8989610344,77495.72616650826
501,,0,44374.84483837891,3414.331862268254,593389.3210875771,44543.962072093585,27230.679802961506
502,,0,50391.92217291264,23316.621042228227,475944.447441735,209586.69884514972,51494.41455276883
503,,0,14477.293041306415,2060.8428314960984,333304.9941225015,141748.0260772641,198442.26419508437
504,,0,45222.93857523171,17395.25908406053,415592.4589364959,280404.3624032403,62672.98483914306
505,,0,71888.14605505751,8204.597989130147,420987.7408407714,166292.87581827038,116800.33194241903
506,,0,49872.81128063567,1664.1212140126975,48552.76846597166,257407.70028339792,518365.332411893
507,,0,20662.044883601495,3775.0039482294223,700984.9838491,44472.2625005827,693.9411167576997
508,,0,83552.31088492744,43292.976631360085,465124.53571388876,259784.6182049532,31419.572870340693
509,,0,57429.48318274861,6373.688479107108,22049.094886273637,277558.12651535973,521565.011423606
510,,0,19152.44816071995,1872.353111688619,133215.6672339262,163265.48327636698,355285.6943576835
511,,0,7398.385900677012,3660.203587203547,334386.93742108945,100998.58984993523,226580.3427906691
512,,0,44407.59894834962,17071.841483886932,464792.84934442746,110106.40151623364,94610.01868723729
